feature_id,area,surface,feature,source_evidence,user_story,expected_behavior,status,last_tested,test_command,observed_behavior,error_id,fix_commit,retest_status,notes
CORE-001,Core API,HTTP,Server health check,docs/api-reference/openapi.json operationId=healthCheck; core/src/server/app.ts,"As an operator, I want to check whether the local PMXT server is alive so that I can route traffic only to healthy instances.",GET /health returns a successful health payload without exchange credentials.,tested_pass,2026-06-22,npm test --workspace=pmxt-core -- --runInBand,Health endpoint test passed: GET /health returns status ok and remains public without auth.,,,pass,
CORE-002,Core API,HTTP,Load markets cache,docs/api-reference/openapi.json operationId=loadMarkets; core/src/BaseExchange.ts:585,"As a developer, I want to load and cache markets from an exchange so that repeated iteration does not drift across API calls.",POST /api/{exchange}/loadMarkets loads all markets into markets and marketsBySlug and returns the cached map on later calls unless reload is requested.,tested_pass,2026-06-22,npm test --workspace=pmxt-core -- --runInBand test/unit/baseExchange.core.test.ts; npm test --workspace=pmxt-core -- --runInBand test/pipeline/core-helper-routes.test.ts,"BaseExchange loadMarkets cache test passed for MockExchange, including id/slug reuse through fetchMarket. HTTP route test passed: POST /api/mock/loadMarkets returns a market map keyed by market id after reload.",,,pass,
CORE-003,Core API,HTTP,Fetch markets,docs/api-reference/openapi.json operationId=fetchMarkets; core/src/BaseExchange.ts:628,"As a market-data user, I want to fetch live markets with filters so that I can discover current tradable questions.","GET /api/{exchange}/fetchMarkets accepts filters such as query, limit, status, slug, marketId, outcomeId, eventId, category, tags, sourceExchange, and returns live UnifiedMarket rows.",fixed_retest_pass,2026-06-22,RED: npm test --workspace=pmxt-core -- --runInBand test/pipeline/market-http-routes.test.ts; GREEN: npm test --workspace=pmxt-core -- --runInBand test/pipeline/market-http-routes.test.ts test/pipeline/get-post-parity.test.ts test/unit/baseExchange.core.test.ts; npx tsc --project core/tsconfig.json --noEmit; npm test --workspace=pmxt-core -- --runInBand,"Retest caught mock fetchMarkets ignoring documented slug, outcomeId, status, sourceExchange, and exchange-alias filters and single-tag GET queries. After fix, HTTP route coverage passes for marketId, slug, outcomeId, eventId, category, tags, sourceExchange, missing source, and closed-status filters; full core suite passed.",CORE-FILTERS-001,a45fcf1,pass,Debugging note saved to docs/knowledge/debugging/2026-06-22-pmxt-market-event-filter-fix.md.
CORE-004,Core API,HTTP,Fetch markets paginated,docs/api-reference/openapi.json operationId=fetchMarketsPaginated; core/src/BaseExchange.ts:673,"As a market-data user, I want stable market pagination so that I can page through a snapshot without result drift.","GET /api/{exchange}/fetchMarketsPaginated creates or reuses an in-memory snapshot, returns data, total, and nextCursor, and slices later pages from the same snapshot.",tested_pass,2026-06-22,npm test --workspace=pmxt-core -- --runInBand test/unit/baseExchange.core.test.ts; npm test --workspace=pmxt-core -- --runInBand test/pipeline/market-http-routes.test.ts,BaseExchange direct and HTTP route tests passed: fetchMarketsPaginated returns stable cursor pages with total count and sequential mock market ids across pages.,,,pass,
CORE-005,Core API,HTTP,Fetch events paginated,docs/api-reference/openapi.json operationId=fetchEventsPaginated; core/src/BaseExchange.ts:743,"As a market-data user, I want stable event pagination so that event pages stay consistent while I browse.","GET /api/{exchange}/fetchEventsPaginated creates or reuses an event snapshot and returns data, total, and nextCursor.",tested_pass,2026-06-22,npm test --workspace=pmxt-core -- --runInBand test/unit/baseExchange.core.test.ts; npm test --workspace=pmxt-core -- --runInBand test/pipeline/market-http-routes.test.ts,BaseExchange direct and HTTP route tests passed: fetchEventsPaginated returns stable cursor pages with total count and sequential mock event ids across pages.,,,pass,
CORE-006,Core API,HTTP,Fetch events,docs/api-reference/openapi.json operationId=fetchEvents; core/src/BaseExchange.ts:809,"As a market-data user, I want to fetch events with optional search so that I can browse grouped markets.","GET /api/{exchange}/fetchEvents returns UnifiedEvent rows and supports filters including query, limit, status, eventId, slug, series, category, tags, and sourceExchange.",fixed_retest_pass,2026-06-22,RED: npm test --workspace=pmxt-core -- --runInBand test/pipeline/market-http-routes.test.ts; GREEN: npm test --workspace=pmxt-core -- --runInBand test/pipeline/market-http-routes.test.ts test/pipeline/get-post-parity.test.ts test/unit/baseExchange.core.test.ts; npx tsc --project core/tsconfig.json --noEmit; npm test --workspace=pmxt-core -- --runInBand,"Retest caught mock fetchEvents ignoring documented slug, series, status, sourceExchange, and exchange-alias filters and single-tag GET queries. After fix, HTTP route coverage passes for eventId, slug, category, tags, sourceExchange, missing series, and closed-status filters; full core suite passed.",CORE-FILTERS-001,a45fcf1,pass,Debugging note saved to docs/knowledge/debugging/2026-06-22-pmxt-market-event-filter-fix.md.
CORE-007,Core API,HTTP,Fetch series,docs/api-reference/openapi.json operationId=fetchSeries; core/src/BaseExchange.ts:842,"As a market-data user, I want to fetch recurring series when venues expose them so that I can navigate the Series to Event to Market hierarchy.",GET /api/{exchange}/fetchSeries returns venue series for supported venues and an empty array for venues without a series concept.,fixed_retest_pass,2026-06-22,npm test --workspace=pmxt-core -- --runInBand test/unit/baseExchange.core.test.ts; npm test --workspace=pmxt-core -- --runInBand test/pipeline/market-http-routes.test.ts; npm test --workspace=pmxt-core -- --runInBand,Direct BaseExchange fallback test passed and HTTP retest passed after fix: GET /api/mock/fetchSeries now returns [] for a venue without a series concept instead of 501.,CORE-SERIES-001,de0d6a6,pass,Debugging note saved to docs/knowledge/debugging/2026-06-22-pmxt-fetchseries-http-empty-fallback.md.
CORE-008,Core API,HTTP,Fetch single market,docs/api-reference/openapi.json operationId=fetchMarket; core/src/BaseExchange.ts:857,"As a developer, I want a single-market lookup so that I do not have to filter arrays myself.",GET /api/{exchange}/fetchMarket wraps fetchMarkets and returns exactly one UnifiedMarket or throws MarketNotFound when no match exists.,tested_pass,2026-06-22,npm test --workspace=pmxt-core -- --runInBand test/unit/baseExchange.core.test.ts; npm test --workspace=pmxt-core -- --runInBand test/pipeline/market-http-routes.test.ts,BaseExchange direct tests passed for id and slug cache lookup plus MarketNotFound. HTTP route test passed: GET /api/mock/fetchMarket?marketId=mock-m1 returns the requested UnifiedMarket.,,,pass,
CORE-009,Core API,HTTP,Fetch single event,docs/api-reference/openapi.json operationId=fetchEvent; core/src/BaseExchange.ts:957,"As a developer, I want a single-event lookup so that I can load one grouped event by id, slug, or query.",GET /api/{exchange}/fetchEvent wraps fetchEvents and returns exactly one UnifiedEvent or throws EventNotFound when no match exists.,tested_pass,2026-06-22,npm test --workspace=pmxt-core -- --runInBand test/unit/baseExchange.core.test.ts; npm test --workspace=pmxt-core -- --runInBand test/pipeline/market-http-routes.test.ts,BaseExchange direct tests passed for event id lookup plus EventNotFound. HTTP route test passed: GET /api/mock/fetchEvent?eventId=mock-event-0 returns the requested UnifiedEvent with grouped markets.,,,pass,
CORE-010,Core API,HTTP,Fetch OHLCV candles,docs/api-reference/openapi.json operationId=fetchOHLCV; core/src/BaseExchange.ts:977,"As a charting user, I want OHLCV candles for an outcome so that I can plot historical price movement.","GET /api/{exchange}/fetchOHLCV returns PriceCandle rows for an outcome using a required resolution plus optional start, end, and limit.",tested_pass,2026-06-22,npm test --workspace=pmxt-core -- --runInBand test/pipeline/market-http-routes.test.ts test/pipeline/get-post-parity.test.ts; npx tsc --project core/tsconfig.json --noEmit; npm test --workspace=pmxt-core -- --runInBand,"HTTP route tests passed for PriceCandle rows with required resolution, ISO start/end query coercion, exact 1h timestamps, limit=3, and candle field sanity. GET/POST parity also passed for resolution=1h, limit=5, and date-time start/end coercion; full core suite passed.",,,pass,
CORE-011,Core API,HTTP,Fetch order book,docs/api-reference/openapi.json operationId=fetchOrderBook; core/src/BaseExchange.ts:1005,"As a trader, I want an order book for an outcome so that I can inspect bids, asks, and available depth.","GET /api/{exchange}/fetchOrderBook returns bids, asks, and timestamp for live books and supports historical snapshots or ranges where implemented.",tested_pass,2026-06-22,npm test --workspace=pmxt-core -- --runInBand test/pipeline/market-http-routes.test.ts test/pipeline/get-post-parity.test.ts; npx tsc --project core/tsconfig.json --noEmit; npm test --workspace=pmxt-core -- --runInBand,"HTTP route tests passed for bids, asks, timestamps, limit=3 depth, and market-id outcome alias resolution matching direct outcome-token books. GET/POST parity also passed for deterministic prices and sizes; full core suite passed.",,,pass,
CORE-012,Core API,HTTP,Fetch order books batch,docs/api-reference/openapi.json operationId=fetchOrderBooks; core/src/BaseExchange.ts:1018,"As a trader, I want order books for multiple outcomes in one request so that I can compare related prices efficiently.",POST /api/{exchange}/fetchOrderBooks returns a map from outcome id to OrderBook for supported venues.,tested_pass,2026-06-22,npm test --workspace=pmxt-core -- --runInBand test/unit/mockExchange.core.test.ts; npm test --workspace=pmxt-core -- --runInBand test/pipeline/market-http-routes.test.ts,MockExchange direct and HTTP route tests passed: fetchOrderBooks returns a map keyed by every requested outcome id and each returned book contains bids and asks.,,,pass,
CORE-013,Core API,HTTP,Fetch public trades,docs/api-reference/openapi.json operationId=fetchTrades; core/src/BaseExchange.ts:1031,"As a market-data user, I want raw trade history for an outcome so that I can analyze executed market activity.","GET /api/{exchange}/fetchTrades returns Trade rows and accepts optional start, end, and limit parameters.",fixed_retest_pass,2026-06-22,RED: npm test --workspace=pmxt-core -- --runInBand test/unit/mockExchange.core.test.ts test/pipeline/market-http-routes.test.ts; GREEN: npm test --workspace=pmxt-core -- --runInBand test/unit/mockExchange.core.test.ts test/pipeline/market-http-routes.test.ts; npx tsc --project core/tsconfig.json --noEmit; npm test --workspace=pmxt-core -- --runInBand,"Retest caught MockExchange ignoring start/end filters and HTTP GET dispatch passing fetchTrades start/end query values as strings. After fix, direct mock and HTTP routes apply start/end before limit and dispatch Date values to exchanges; full core suite passed.",CORE-TRADES-001,d31a42e,pass,Debugging note saved to docs/knowledge/debugging/2026-06-22-pmxt-fetchtrades-time-range-fix.md.
CORE-014,Core API,HTTP,Create order,docs/api-reference/openapi.json operationId=createOrder; core/src/BaseExchange.ts:1045,"As a trader, I want to place an order through a unified method so that I can trade across venues with one interface.","POST /api/{exchange}/createOrder validates required order fields, supports buy or sell and market or limit types where supported, and returns a normalized Order.",tested_pass,2026-06-22,npm test --workspace=pmxt-core -- --runInBand test/pipeline/get-post-parity.test.ts; npm test --workspace=pmxt-core -- --runInBand test/pipeline/order-http-routes.test.ts,"Validation path passed for missing required order fields. HTTP route test passed: POST /api/mock/createOrder places a filled market order and returns a normalized Order with matching market, outcome, fill, and remaining fields.",,,pass,
CORE-015,Core API,HTTP,Build order,docs/api-reference/openapi.json operationId=buildOrder; core/src/BaseExchange.ts:1061,"As a trader or middleware, I want to build an order without submitting it so that I can inspect, sign, or forward it later.",POST /api/{exchange}/buildOrder returns a BuiltOrder payload without placing the order.,tested_pass,2026-06-22,npm test --workspace=pmxt-core -- --runInBand test/pipeline/order-lifecycle.test.ts; npm test --workspace=pmxt-core -- --runInBand test/pipeline/order-http-routes.test.ts,"MockExchange direct and HTTP route tests passed: buildOrder returns an inspectable BuiltOrder with exchange, params, and raw payload and does not place an order.",,,pass,
CORE-016,Core API,HTTP,Submit built order,docs/api-reference/openapi.json operationId=submitOrder; core/src/BaseExchange.ts:1071,"As a trader, I want to submit a previously built order so that signing and submission can be separated.",POST /api/{exchange}/submitOrder accepts a BuiltOrder from buildOrder and returns the resulting normalized Order.,tested_pass,2026-06-22,npm test --workspace=pmxt-core -- --runInBand test/pipeline/order-lifecycle.test.ts; npm test --workspace=pmxt-core -- --runInBand test/pipeline/order-http-routes.test.ts,"MockExchange direct and HTTP route tests passed: submitOrder accepts the BuiltOrder returned by buildOrder, places the order, and returns a normalized filled Order.",,,pass,
CORE-017,Core API,HTTP,Cancel order,docs/api-reference/openapi.json operationId=cancelOrder; core/src/BaseExchange.ts:1081,"As a trader, I want to cancel an open order so that I can remove resting liquidity.",POST /api/{exchange}/cancelOrder cancels an existing order by id and returns the normalized Order result or a venue-specific not-supported error.,fixed_retest_pass,2026-06-22,RED: npm test --workspace=pmxt-core -- --runInBand test/pipeline/order-http-routes.test.ts; GREEN: npm test --workspace=pmxt-core -- --runInBand test/pipeline/order-http-routes.test.ts test/unit/mockExchange.core.test.ts test/pipeline/order-lifecycle.test.ts; npx tsc --project core/tsconfig.json --noEmit,"Route-level resting-order cancel initially could not be exercised because createApp ignored the supplied resting mock and used the immediate-fill singleton. After fix, POST cancelOrder returns a canceled order for an open resting order, GET fetchOpenOrders no longer lists it, and locked funds release.",CORE-OPEN-001,664a1ae,pass,Debugging note saved to docs/knowledge/debugging/2026-06-22-pmxt-http-open-orders-filter-fix.md.
CORE-018,Core API,HTTP,Fetch order,docs/api-reference/openapi.json operationId=fetchOrder; core/src/BaseExchange.ts:1091,"As a trader, I want to fetch one order by id so that I can check its latest state.",GET /api/{exchange}/fetchOrder returns a normalized Order for supported venues or a not-supported error.,tested_pass,2026-06-22,npm test --workspace=pmxt-core -- --runInBand test/pipeline/order-lifecycle.test.ts; npm test --workspace=pmxt-core -- --runInBand test/pipeline/order-http-routes.test.ts,MockExchange direct tests passed for exact order retrieval and unknown-order error. HTTP route test passed: fetchOrder returns the same normalized order created through POST /api/mock/createOrder.,,,pass,
CORE-019,Core API,HTTP,Fetch open orders,docs/api-reference/openapi.json operationId=fetchOpenOrders; core/src/BaseExchange.ts:1101,"As a trader, I want to list open orders so that I can monitor resting orders.","GET /api/{exchange}/fetchOpenOrders returns open Order rows, optionally filtered by market id.",fixed_retest_pass,2026-06-22,RED: npm test --workspace=pmxt-core -- --runInBand test/pipeline/order-http-routes.test.ts; GREEN: npm test --workspace=pmxt-core -- --runInBand test/pipeline/order-http-routes.test.ts test/unit/mockExchange.core.test.ts test/pipeline/order-lifecycle.test.ts; npx tsc --project core/tsconfig.json --noEmit,"Route-level GET fetchOpenOrders now lists resting open orders, filters by marketId, keeps unrelated open orders visible without a filter, and removes canceled orders. Retest caught and fixed both the immediate-fill HTTP singleton setup gap and MockExchange ignoring the marketId argument.",CORE-OPEN-001; CORE-OPEN-002,664a1ae; 5478bed,pass,Debugging note saved to docs/knowledge/debugging/2026-06-22-pmxt-http-open-orders-filter-fix.md.
CORE-020,Core API,HTTP,Fetch my trades,docs/api-reference/openapi.json operationId=fetchMyTrades; core/src/BaseExchange.ts:1105,"As an authenticated trader, I want my fill history so that I can reconcile account activity.","GET /api/{exchange}/fetchMyTrades returns UserTrade rows with optional market, outcome, since, until, limit, or cursor filters where supported.",tested_pass,2026-06-22,npm test --workspace=pmxt-core -- --runInBand test/pipeline/order-lifecycle.test.ts; npm test --workspace=pmxt-core -- --runInBand test/pipeline/order-http-routes.test.ts,"MockExchange direct tests passed for fill-created trade fields, outcome filtering, newest-first ordering, partial fills, and reset clearing. HTTP route test passed: fetchMyTrades with outcomeId returns the fill created through createOrder.",,,pass,
CORE-021,Core API,HTTP,Fetch closed orders,docs/api-reference/openapi.json operationId=fetchClosedOrders; core/src/BaseExchange.ts:1109,"As a trader, I want closed order history so that I can audit completed or cancelled orders.",GET /api/{exchange}/fetchClosedOrders returns closed Order rows where the venue supports historical orders.,tested_pass,2026-06-22,npm test --workspace=pmxt-core -- --runInBand test/pipeline/order-lifecycle.test.ts; npm test --workspace=pmxt-core -- --runInBand test/pipeline/order-http-routes.test.ts,MockExchange direct tests passed for filled and canceled closed orders. HTTP route test passed: fetchClosedOrders includes a filled order created through createOrder.,,,pass,
CORE-022,Core API,HTTP,Fetch all orders,docs/api-reference/openapi.json operationId=fetchAllOrders; core/src/BaseExchange.ts:1113,"As a trader, I want all open and closed orders so that I can reconstruct order history.",GET /api/{exchange}/fetchAllOrders returns combined order history where supported.,tested_pass,2026-06-22,npm test --workspace=pmxt-core -- --runInBand test/pipeline/order-lifecycle.test.ts test/unit/mockExchange.core.test.ts; npm test --workspace=pmxt-core -- --runInBand test/pipeline/order-http-routes.test.ts,MockExchange direct tests passed for all statuses and reset clearing history. HTTP route test passed: fetchAllOrders includes orders created through createOrder and submitOrder and remains empty after buildOrder alone.,,,pass,
CORE-023,Core API,HTTP,Fetch positions,docs/api-reference/openapi.json operationId=fetchPositions; core/src/BaseExchange.ts:1123,"As an account user, I want current positions so that I can see my exposure across markets.",GET /api/{exchange}/fetchPositions returns Position rows for the configured account or supplied address where supported.,tested_pass,2026-06-22,npm test --workspace=pmxt-core -- --runInBand test/pipeline/order-lifecycle.test.ts test/unit/mockExchange.core.test.ts; npm test --workspace=pmxt-core -- --runInBand test/pipeline/order-http-routes.test.ts,"MockExchange direct tests passed for position creation, accumulation, weighted entry price, sell reduction/removal, and reset clearing. HTTP route test passed: fetchPositions returns the position created by a filled createOrder call.",,,pass,
CORE-024,Core API,HTTP,Fetch balance,docs/api-reference/openapi.json operationId=fetchBalance; core/src/BaseExchange.ts:1133,"As an account user, I want balances so that I know funds available for trading.",GET /api/{exchange}/fetchBalance returns Balance rows for the configured account or supplied address where supported.,tested_pass,2026-06-22,npm test --workspace=pmxt-core -- --runInBand test/pipeline/get-post-parity.test.ts; npm test --workspace=pmxt-core -- --runInBand test/pipeline/order-http-routes.test.ts,Mock exchange GET and POST fetchBalance parity passed. HTTP route test passed: fetchBalance reflects available balance after a createOrder fill and preserves total = available + locked.,,,pass,
CORE-025,Core API,HTTP,Get execution price,docs/api-reference/openapi.json operationId=getExecutionPrice; core/src/BaseExchange.ts:1146,"As a trader, I want the average execution price for a target size so that I can estimate slippage.",POST /api/{exchange}/getExecutionPrice computes volume-weighted average price from an OrderBook and returns 0 when the requested size cannot fully fill.,tested_pass,2026-06-22,npm test --workspace=pmxt-core -- --runInBand test/unit/baseExchange.core.test.ts; npm test --workspace=pmxt-core -- --runInBand test/pipeline/core-helper-routes.test.ts,BaseExchange helper tests passed weighted buy/sell fill and insufficient-liquidity behavior. HTTP route test passed: POST /api/mock/getExecutionPrice computes a weighted buy execution price from a supplied order book.,,,pass,
CORE-026,Core API,HTTP,Get detailed execution price,docs/api-reference/openapi.json operationId=getExecutionPriceDetailed; core/src/BaseExchange.ts:1158,"As a trader, I want fill details for an execution estimate so that I can understand partial fill behavior and levels consumed.","POST /api/{exchange}/getExecutionPriceDetailed returns detailed fill and partial-fill information from an OrderBook, side, and amount.",tested_pass,2026-06-22,npm test --workspace=pmxt-core -- --runInBand test/unit/baseExchange.core.test.ts; npm test --workspace=pmxt-core -- --runInBand test/pipeline/core-helper-routes.test.ts,"BaseExchange helper tests passed full-fill, partial-fill, and invalid amount behavior. HTTP route test passed: POST /api/mock/getExecutionPriceDetailed reports partial filledAmount and fullyFilled=false for insufficient bid liquidity.",,,pass,
CORE-027,Core API,HTTP,Filter markets,docs/api-reference/openapi.json operationId=filterMarkets; core/src/BaseExchange.ts,"As a developer, I want to filter market arrays locally so that I can apply text and structured criteria after fetching.","POST /api/{exchange}/filterMarkets filters provided markets by string query, structured criteria, or a custom filter function where available.",tested_pass,2026-06-22,npm test --workspace=pmxt-core -- --runInBand test/unit/baseExchange.core.test.ts; npm test --workspace=pmxt-core -- --runInBand test/pipeline/core-helper-routes.test.ts,"BaseExchange helper tests passed text, category, tags, binary price criteria, and predicate filters. HTTP route test passed: POST /api/mock/filterMarkets filters a supplied market array by category and tag criteria.",,,pass,
CORE-028,Core API,HTTP,Filter events,docs/api-reference/openapi.json operationId=filterEvents; core/src/BaseExchange.ts,"As a developer, I want to filter event arrays locally so that I can apply text and structured criteria after fetching.","POST /api/{exchange}/filterEvents filters provided events by string query, structured criteria, or a custom filter function where available.",tested_pass,2026-06-22,npm test --workspace=pmxt-core -- --runInBand test/unit/baseExchange.core.test.ts; npm test --workspace=pmxt-core -- --runInBand test/pipeline/core-helper-routes.test.ts,"BaseExchange helper tests passed text, category, tags, market count, and predicate filters. HTTP route test passed: POST /api/mock/filterEvents filters a supplied event array by category and market-count criteria.",,,pass,
CORE-029,Core API,HTTP,Close exchange resources,docs/api-reference/openapi.json operationId=close; core/src/BaseExchange.ts,"As an application operator, I want to close exchange resources so that WebSocket and network handles are released cleanly.",POST /api/{exchange}/close closes WebSocket connections and other resources for the exchange instance.,tested_pass,2026-06-22,npm test --workspace=pmxt-core -- --runInBand test/pipeline/close-route.test.ts; npm test --workspace=pmxt-core -- --runInBand,close-route pipeline test passed: POST /api/mock/close dispatches close with no args through the exchange factory and returns a success envelope. Full core suite passed.,,,pass,
CORE-030,Router,HTTP,Fetch market matches,docs/api-reference/openapi.json operationId=fetchMarketMatches; core/src/router/Router.ts:450,"As a cross-venue user, I want to find equivalent or related markets on other venues so that I can compare opportunities.","GET /api/router/fetchMarketMatches supports lookup mode and browse mode, returning MatchResult rows from the hosted match catalog or local mock handling.",fixed_retest_pass,2026-06-22,RED: npm test --workspace=pmxt-core -- --runInBand test/pipeline/router-http-routes.test.ts; GREEN: npm test --workspace=pmxt-core -- --runInBand test/pipeline/router-http-routes.test.ts test/pipeline/router-local-mock-matches.test.ts test/unit/router-aggregate-methods.test.ts; npx tsc --project core/tsconfig.json --noEmit; npm test --workspace=pmxt-core -- --runInBand,"Retest caught /api/router dispatch ignoring app-local Router overrides and calling the hosted API instead. After fix, HTTP route coverage passes for stubbed fetchMarketMatches lookup with relation/includePrices, local mock lookup still returns [], malformed hosted envelopes still fail clearly, and the full core suite passed.",CORE-ROUTER-001,7020a6b,pass,Debugging note saved to docs/knowledge/debugging/2026-06-22-pmxt-router-http-local-override-fix.md.
CORE-031,Router,HTTP,Fetch event matches,docs/api-reference/openapi.json operationId=fetchEventMatches; core/src/router/Router.ts:512,"As a cross-venue user, I want to find equivalent or related events on other venues so that I can compare grouped markets.","GET /api/router/fetchEventMatches supports lookup mode and browse mode, returning EventMatchResult rows.",fixed_retest_pass,2026-06-22,RED: npm test --workspace=pmxt-core -- --runInBand test/pipeline/router-http-routes.test.ts; GREEN: npm test --workspace=pmxt-core -- --runInBand test/pipeline/router-http-routes.test.ts test/pipeline/router-local-mock-matches.test.ts test/unit/router-aggregate-methods.test.ts; npx tsc --project core/tsconfig.json --noEmit; npm test --workspace=pmxt-core -- --runInBand,"HTTP route coverage now passes for stubbed fetchEventMatches lookup using an app-local Router, while existing local mock event lookup and malformed hosted-envelope tests still pass; full core suite passed.",CORE-ROUTER-001,7020a6b,pass,Debugging note saved to docs/knowledge/debugging/2026-06-22-pmxt-router-http-local-override-fix.md.
CORE-032,Router,HTTP,Compare market prices,docs/api-reference/openapi.json operationId=compareMarketPrices; core/src/router/Router.ts:551,"As a trader, I want live price comparisons for matched markets so that I can spot venue differences.",POST /api/router/compareMarketPrices returns side-by-side best bid and ask data for identity matches.,fixed_retest_pass,2026-06-22,RED: npm test --workspace=pmxt-core -- --runInBand test/pipeline/router-http-routes.test.ts; GREEN: npm test --workspace=pmxt-core -- --runInBand test/pipeline/router-http-routes.test.ts test/pipeline/router-local-mock-matches.test.ts test/unit/router-aggregate-methods.test.ts; npx tsc --project core/tsconfig.json --noEmit; npm test --workspace=pmxt-core -- --runInBand,"HTTP route coverage now passes for POST compareMarketPrices, forcing identity matches through the stubbed Router client and mapping best bid, best ask, relation, confidence, reasoning, and venue; full core suite passed.",CORE-ROUTER-001,7020a6b,pass,Debugging note saved to docs/knowledge/debugging/2026-06-22-pmxt-router-http-local-override-fix.md.
CORE-033,Router,HTTP,Fetch related markets,docs/api-reference/openapi.json operationId=fetchRelatedMarkets; core/src/router/Router.ts:576,"As a researcher, I want subset or superset related markets so that I can reason about hedges and implications.",GET /api/router/fetchRelatedMarkets returns related PriceComparison rows across venues.,fixed_retest_pass,2026-06-22,RED: npm test --workspace=pmxt-core -- --runInBand test/pipeline/router-http-routes.test.ts; GREEN: npm test --workspace=pmxt-core -- --runInBand test/pipeline/router-http-routes.test.ts test/pipeline/router-local-mock-matches.test.ts test/unit/router-aggregate-methods.test.ts; npx tsc --project core/tsconfig.json --noEmit; npm test --workspace=pmxt-core -- --runInBand,"HTTP route coverage now passes for fetchRelatedMarkets, returning subset price comparisons with bid/ask fields and excluding overlap rows through the stubbed Router client; full core suite passed.",CORE-ROUTER-001,7020a6b,pass,Debugging note saved to docs/knowledge/debugging/2026-06-22-pmxt-router-http-local-override-fix.md.
CORE-034,Router,HTTP,Fetch matched markets,docs/api-reference/openapi.json operationId=fetchMatchedMarkets; core/src/router/Router.ts:610,"As a cross-venue user, I want matched market pairs so that I can inspect catalog relationships.",GET /api/router/fetchMatchedMarkets returns MatchedMarketPair rows from the router catalog.,fixed_retest_pass,2026-06-22,RED: npm test --workspace=pmxt-core -- --runInBand test/pipeline/router-http-routes.test.ts; GREEN: npm test --workspace=pmxt-core -- --runInBand test/pipeline/router-http-routes.test.ts test/pipeline/router-local-mock-matches.test.ts test/unit/router-aggregate-methods.test.ts; npx tsc --project core/tsconfig.json --noEmit; npm test --workspace=pmxt-core -- --runInBand,"HTTP route coverage now passes for fetchMatchedMarkets, mapping stubbed arbitrage rows into legacy MatchedMarketPair shape with venues, prices, relation, confidence, and null reasoning; full core suite passed.",CORE-ROUTER-001,7020a6b,pass,Debugging note saved to docs/knowledge/debugging/2026-06-22-pmxt-router-http-local-override-fix.md.
CORE-035,Router,HTTP,Fetch matched prices,docs/api-reference/openapi.json operationId=fetchMatchedPrices; core/src/router/Router.ts:638,"As a trader, I want matched market prices so that I can compare prices for catalog-paired markets.",GET /api/router/fetchMatchedPrices returns MatchedPricePair rows.,fixed_retest_pass,2026-06-22,RED: npm test --workspace=pmxt-core -- --runInBand test/pipeline/router-http-routes.test.ts; GREEN: npm test --workspace=pmxt-core -- --runInBand test/pipeline/router-http-routes.test.ts test/pipeline/router-local-mock-matches.test.ts test/unit/router-aggregate-methods.test.ts; npx tsc --project core/tsconfig.json --noEmit; npm test --workspace=pmxt-core -- --runInBand,HTTP route coverage now passes for fetchMatchedPrices as the legacy alias returning the same MatchedMarketPair shape as fetchMatchedMarkets; full core suite passed.,CORE-ROUTER-001,7020a6b,pass,Debugging note saved to docs/knowledge/debugging/2026-06-22-pmxt-router-http-local-override-fix.md.
CORE-036,Router,HTTP,Fetch hedges,docs/api-reference/openapi.json operationId=fetchHedges; core/src/router/Router.ts:599,"As a trader, I want hedging opportunities so that I can offset exposure across related markets.",GET /api/router/fetchHedges returns PriceComparison rows for hedge-like related markets.,fixed_retest_pass,2026-06-22,RED: npm test --workspace=pmxt-core -- --runInBand test/pipeline/router-http-routes.test.ts; GREEN: npm test --workspace=pmxt-core -- --runInBand test/pipeline/router-http-routes.test.ts test/pipeline/router-local-mock-matches.test.ts test/unit/router-aggregate-methods.test.ts; npx tsc --project core/tsconfig.json --noEmit; npm test --workspace=pmxt-core -- --runInBand,HTTP route coverage now passes for fetchHedges as the deprecated alias delegating to related-market subset/superset comparisons and matching fetchRelatedMarkets output; full core suite passed.,CORE-ROUTER-001,7020a6b,pass,Debugging note saved to docs/knowledge/debugging/2026-06-22-pmxt-router-http-local-override-fix.md.
CORE-037,Router,HTTP,Fetch arbitrage,docs/api-reference/openapi.json operationId=fetchArbitrage; core/src/router/Router.ts:644,"As a trader, I want arbitrage opportunities so that I can find crossed or mispriced matched markets.",GET /api/router/fetchArbitrage returns ArbitrageOpportunity rows.,fixed_retest_pass,2026-06-22,RED: npm test --workspace=pmxt-core -- --runInBand test/pipeline/router-http-routes.test.ts; GREEN: npm test --workspace=pmxt-core -- --runInBand test/pipeline/router-http-routes.test.ts test/pipeline/router-local-mock-matches.test.ts test/unit/router-aggregate-methods.test.ts; npx tsc --project core/tsconfig.json --noEmit; npm test --workspace=pmxt-core -- --runInBand,"HTTP route coverage now passes for fetchArbitrage with minSpread query params, validated opportunity rows, and existing malformed missing-price rejection coverage; full core suite passed.",CORE-ROUTER-001,7020a6b,pass,Debugging note saved to docs/knowledge/debugging/2026-06-22-pmxt-router-http-local-override-fix.md.
CORE-038,Feeds,HTTP,List available feeds,docs/api-reference/openapi.json operationId=feedList; core/src/server/feed-factory.ts,"As a data-feed user, I want to list available feed providers so that I know what external market data can be queried.","GET /api/feeds returns the available feed names, currently binance and chainlink.",tested_pass,2026-06-22,npm test --workspace=pmxt-core -- --runInBand test/pipeline/feed-routes.test.ts; npm test --workspace=pmxt-core -- --runInBand,Feed route test passed: GET /api/feeds returns binance and chainlink.,,,pass,
CORE-039,Feeds,HTTP,Load feed markets,docs/api-reference/openapi.json operationId=feedLoadMarkets; core/src/server/feed-routes.ts,"As a data-feed user, I want feed markets or symbols so that I can know which symbols the feed supports.",GET /api/feeds/{feed}/loadMarkets returns all trading pairs or feeds supported by the selected provider.,tested_pass,2026-06-22,npm test --workspace=pmxt-core -- --runInBand test/pipeline/feed-routes.test.ts; npm test --workspace=pmxt-core -- --runInBand,Feed route tests passed: binance and chainlink loadMarkets return expected BTC pairs through /api/feeds/{feed}/loadMarkets.,,,pass,
CORE-040,Feeds,HTTP,Fetch feed ticker,docs/api-reference/openapi.json operationId=feedFetchTicker; core/src/server/feed-routes.ts,"As a data-feed user, I want one latest ticker so that I can read current external reference prices.",GET /api/feeds/{feed}/fetchTicker requires symbol and returns the latest ticker for that symbol.,tested_pass,2026-06-22,npm test --workspace=pmxt-core -- --runInBand test/pipeline/feed-routes.test.ts; npm test --workspace=pmxt-core -- --runInBand test/pipeline/feed-success-routes.test.ts,"Feed route tests passed: missing Binance relay config returns a 503 with BINANCE_RELAY_WS_URL named, and the mocked success path returns a normalized ticker envelope for the requested symbol.",,,pass,
CORE-041,Feeds,HTTP,Fetch feed tickers,docs/api-reference/openapi.json operationId=feedFetchTickers; core/src/server/feed-routes.ts,"As a data-feed user, I want many latest tickers so that I can monitor several symbols efficiently.",GET /api/feeds/{feed}/fetchTickers returns all latest tickers or a subset from a comma-separated symbols query.,tested_pass,2026-06-22,npm test --workspace=pmxt-core -- --runInBand test/pipeline/feed-routes.test.ts; npm test --workspace=pmxt-core -- --runInBand test/pipeline/feed-success-routes.test.ts,"Feed route tests passed: missing Binance relay config returns a 503 with BINANCE_RELAY_WS_URL named, and the mocked success path parses comma-separated symbols and returns keyed ticker data.",,,pass,
CORE-042,Feeds,HTTP,Fetch feed OHLCV,docs/api-reference/openapi.json operationId=feedFetchOHLCV; core/src/server/feed-routes.ts,"As a charting user, I want feed OHLCV candles so that I can plot external price history.","GET /api/feeds/{feed}/fetchOHLCV requires symbol, accepts timeframe, since, and limit, and returns candle rows where supported.",tested_pass,2026-06-22,npm test --workspace=pmxt-core -- --runInBand test/pipeline/feed-routes.test.ts; npm test --workspace=pmxt-core -- --runInBand test/pipeline/feed-success-routes.test.ts,"Feed route tests passed: unsupported feeds return route-level 501, and a mocked supported feed receives symbol/timeframe/since/limit query parameters and returns OHLCV candle rows.",,,pass,
CORE-043,Feeds,HTTP,Fetch feed order book,docs/api-reference/openapi.json operationId=feedFetchOrderBook; core/src/server/feed-routes.ts,"As a data-feed user, I want an external order book so that I can inspect non-prediction-market liquidity.",GET /api/feeds/{feed}/fetchOrderBook requires symbol and returns an order book where the feed supports it or 501 otherwise.,tested_pass,2026-06-22,npm test --workspace=pmxt-core -- --runInBand test/pipeline/feed-routes.test.ts; npm test --workspace=pmxt-core -- --runInBand test/pipeline/feed-success-routes.test.ts,"Feed route tests passed: unsupported feeds return route-level 501, and a mocked supported feed receives symbol/limit query parameters and returns a normalized order book envelope.",,,pass,
CORE-044,Feeds,HTTP,Fetch Chainlink oracle round,docs/api-reference/openapi.json operationId=feedFetchOracleRound; core/src/server/feed-routes.ts,"As an oracle-data user, I want the latest Chainlink round so that I can inspect on-chain reference data.",GET /api/feeds/{feed}/fetchOracleRound requires feed and returns the latest oracle round where supported.,tested_pass,2026-06-22,npm test --workspace=pmxt-core -- --runInBand test/pipeline/feed-routes.test.ts; npm test --workspace=pmxt-core -- --runInBand test/pipeline/feed-success-routes.test.ts,"Feed route tests passed: missing Chainlink API config returns a 503 with CHAINLINK_API_URL named, and the mocked success path returns the latest oracle round for the requested feed.",,,pass,
CORE-045,Feeds,HTTP,Fetch Chainlink oracle history,docs/api-reference/openapi.json operationId=feedFetchOracleHistory; core/src/server/feed-routes.ts,"As an oracle-data user, I want historical Chainlink rounds so that I can audit price feed history.","GET /api/feeds/{feed}/fetchOracleHistory requires feed and optional limit, returning historical oracle rounds where supported.",tested_pass,2026-06-22,npm test --workspace=pmxt-core -- --runInBand test/pipeline/feed-routes.test.ts; npm test --workspace=pmxt-core -- --runInBand test/pipeline/feed-success-routes.test.ts,"Feed route tests passed: missing Chainlink API config returns a 503 with CHAINLINK_API_URL named, and the mocked success path passes feed/limit to the provider and returns historical oracle rounds.",,,pass,
CORE-046,Feeds,HTTP,Fetch historical feed prices,docs/api-reference/openapi.json operationId=feedFetchHistoricalPrices; core/src/server/feed-routes.ts,"As a data-feed user, I want historical feed prices over a range so that I can backfill analysis.","GET /api/feeds/{feed}/fetchHistoricalPrices requires symbol and accepts fromTimestamp, untilTimestamp, maxSize, and order.",tested_pass,2026-06-22,npm test --workspace=pmxt-core -- --runInBand test/pipeline/feed-routes.test.ts; npm test --workspace=pmxt-core -- --runInBand test/pipeline/feed-success-routes.test.ts,"Feed route tests passed: missing Chainlink API config returns a 503 with CHAINLINK_API_URL named, and the mocked success path passes range/order parameters to the provider and returns historical ticker rows.",,,pass,
CORE-047,Feeds,WebSocket,Watch feed ticker,docs/api-reference/openapi.json operationId=feedWatchTicker; core/src/server/ws-handler.ts,"As a streaming user, I want live feed ticker updates so that my app can react to price changes.",WebSocket subscribe with targetKind=feed and method=watchTicker sends subscribed and data events until unsubscribe or close.,tested_pass,2026-06-22,npm test --workspace=pmxt-core -- --runInBand test/pipeline/create-app-websocket.test.ts,"createApp WebSocket test passed: documented feed watchTicker subscriptions over /ws return subscribed, bridge a fake Binance relay trade into a data event, and acknowledge feed unsubscribe.",,,pass,
STREAM-001,Exchange streaming,WebSocket,Watch order book,core/src/BaseExchange.ts:1431; core/src/server/ws-handler.ts,"As a streaming trader, I want live order book updates for one outcome so that my UI can stay current.","WebSocket subscribe with targetKind=exchange and method=watchOrderBook loops exchange.watchOrderBook and emits data events, or an error event on fatal failure.",tested_pass,2026-06-22,npm test --workspace=pmxt-core -- --runInBand test/pipeline/exchange-websocket-streaming.test.ts,"Exchange WebSocket tests passed: /ws watchOrderBook returns subscribed, emits data with symbol and order book payload, forwards args to the exchange, acknowledges unwatchOrderBook unsubscribe, and sends an error event on fatal watchOrderBook failure.",,,pass,
STREAM-002,Exchange streaming,WebSocket,Watch order books,core/src/BaseExchange.ts:1446; core/src/server/ws-handler.ts,"As a streaming trader, I want batched live order book updates so that I can watch related outcomes together.",WebSocket subscribe with method=watchOrderBooks emits per-symbol data events from the returned record.,tested_pass,2026-06-22,npm test --workspace=pmxt-core -- --runInBand test/pipeline/exchange-websocket-streaming.test.ts,"Exchange WebSocket tests passed: /ws watchOrderBooks returns subscribed, forwards outcome IDs and limit, splits returned records into per-symbol data events, acknowledges unsubscribe, and sends an error event on fatal batch-stream failure.",,,pass,
STREAM-003,Exchange streaming,WebSocket,Watch trades,core/src/BaseExchange.ts:1486; core/src/server/ws-handler.ts,"As a streaming trader, I want live trade updates so that I can monitor market prints.",WebSocket subscribe with method=watchTrades loops exchange.watchTrades and emits trade data events.,tested_pass,2026-06-22,npm test --workspace=pmxt-core -- --runInBand test/pipeline/exchange-websocket-streaming.test.ts,"Exchange WebSocket tests passed: /ws watchTrades returns subscribed, forwards the outcome ID, emits trade-array data events, acknowledges unsubscribe, and sends an error event on fatal watchTrades failure.",,,pass,
STREAM-004,Exchange streaming,SDK,Watch all order books,sdks/typescript/pmxt/client.ts:1972; sdks/python/pmxt/client.py:2588,"As a hosted streaming user, I want a firehose of order-book updates so that I can consume multiple venues from one stream.",SDK watchAllOrderBooks subscribes to the hosted websocket and returns FirehoseEvent updates filtered by optional venues.,fixed_retest_pass,2026-06-23,"Production websocket smoke against wss://api.pmxt.dev/ws with watchAllOrderBooks, firehose, and watchAllOrderBooks([polymarket]); hosted main checks for 94cc6af; obdata relay cargo test","After fixes, hosted health reported priceWatcher.connected=true with cacheSize=452, final quick smoke received data in 0.68s, and combined 50.2s smoke stayed open past the old close window with no close while receiving all-watch=1257, all-firehose=1257, poly-watch=805 data frames.",HOSTED-WS-001,hosted-pmxt:bb61353; hosted-pmxt:528a593; hosted-pmxt:ccc2b38; hosted-pmxt:94cc6af; obdata:489a698,pass,"Root causes were Cloud Run 30s request timeout, stale hosted obdata route, and stale hosted obdata relay key. Protocol ping alone did not fix production; app heartbeat proved frames were visible but timeout still closed at ~32s. Cloud Run --timeout=900s fixed connection lifetime; OBDATA_WS_URL pin plus obdata WS_API_KEYS rotation restored upstream book data."
HOSTED-001,Hosted Router,HTTP,Fetch matched event clusters,docs/api-reference/openapi-hosted.json operationId=getV0Matched-event-clusters,"As a hosted API user, I want clustered matched events so that I can browse cross-venue event relationships without flattening to pairs.",GET /v0/matched-event-clusters returns connected clusters of semantically matched events across venues.,tested_pass,2026-06-22,npm test --workspace=pmxtjs -- --runInBand tests/ws-client.test.ts tests/hosted-dispatch.test.ts tests/router-clusters.test.ts; python3 -m pytest sdks/python/tests/test_streaming_ws_transport.py sdks/python/tests/test_ws_client.py sdks/python/tests/test_hosted_dispatch.py sdks/python/tests/test_router_clusters.py; npm test --workspace=pmxtjs; python3 -m pytest sdks/python/tests,"Focused TypeScript stream/hosted/router suites passed 24 tests and focused Python stream/hosted/router suites passed 45 tests; full TypeScript SDK suite passed 79 tests and full Python SDK suite passed 263 selected tests with 66 deselected. Router cluster contract tests verify authenticated GET /v0/matched-event-clusters with filters and parse connected event clusters, nested events, markets, relations, confidence, and raw match metadata. Read-only live hosted smoke with the local PMXT key returned 1 matched event cluster.",,,pass,SDK contract coverage plus live authenticated hosted read passed.
HOSTED-002,Hosted Router,HTTP,Fetch matched market clusters,docs/api-reference/openapi-hosted.json operationId=getV0Matched-market-clusters,"As a hosted API user, I want clustered matched markets so that I can browse cross-venue market relationships without flattening to pairs.",GET /v0/matched-market-clusters returns connected clusters of semantically matched markets across venues.,tested_pass,2026-06-22,npm test --workspace=pmxtjs -- --runInBand tests/ws-client.test.ts tests/hosted-dispatch.test.ts tests/router-clusters.test.ts; python3 -m pytest sdks/python/tests/test_streaming_ws_transport.py sdks/python/tests/test_ws_client.py sdks/python/tests/test_hosted_dispatch.py sdks/python/tests/test_router_clusters.py; npm test --workspace=pmxtjs; python3 -m pytest sdks/python/tests,"Focused TypeScript stream/hosted/router suites passed 24 tests and focused Python stream/hosted/router suites passed 45 tests; full TypeScript SDK suite passed 79 tests and full Python SDK suite passed 263 selected tests with 66 deselected. Router cluster contract tests verify authenticated GET /v0/matched-market-clusters with query, relation, venue, confidence, orderbook, raw-match, and pagination filters, then parse connected market clusters, nested markets/outcomes, relations, confidence, and raw match metadata. Read-only live hosted smoke with the local PMXT key returned 1 matched market cluster.",,,pass,SDK contract coverage plus live authenticated hosted read passed.
HOSTED-003,Enterprise,HTTP,Read-only SQL,docs/api-reference/openapi-hosted.json operationId=postV0Sql; core/src/server/sql-route.ts,"As an enterprise user, I want read-only SQL access so that I can query PMXT data safely.",POST /v0/sql executes read-only ClickHouse SQL and rejects unsafe or mutating statements.,tested_pass,2026-06-22,npm test --workspace=pmxt-core -- --runInBand test/pipeline/sql-route.test.ts,"SQL route accepted hosted POST body and GET query shapes, rejected missing and write queries before config checks, enforced enterprise plan, and proxied read-only SQL to fake ClickHouse with readonly limits.",,,pass,
HOSTED-004,Hosted trading,HTTP,Build hosted order,docs/api-reference/openapi-hosted-trading.json operationId=buildOrderHosted; sdks/typescript/pmxt/hosted-routing.ts,"As a hosted trader, I want to build an order before submitting so that a wallet can review and sign typed data.","POST /v0/trade/build-order returns typed_data, a built_order_id, quote details, resolved venue fields, and the originating build_request without placing the trade.",tested_pass,2026-06-23,npm test --workspace=pmxtjs -- --runInBand tests/hosted-dispatch.test.ts; python3 -m pytest sdks/python/tests/test_hosted_dispatch.py; live authenticated non-submitting Polymarket buildOrder smoke via node_modules/.bin/tsx using PMXT_API_KEY + wallet address only,"Mocked SDK dispatch coverage still passes. Live hosted buildOrder fetched 8 Polymarket markets, built a $10 market buy for will-congo-dr-win-the-2026-fifa-world-cup without signing/submitting, and returned built_order_id, typed_data, quote, resolved, pull_typed_data, side, and SDK-attached build_request.",,,pass,Live authenticated build-order coverage passed for a valid Polymarket market without using a private key or submitting. OpenAPI/schema contract uses quote/resolved rather than economics/order_preview. Edge observed during smoke: the first sampled market returned hosted 502 Failed to fetch orderbook from CLOB before a second market built successfully; local hosted-pmxt checkout did not contain the live /v0/trade/build-order implementation to patch.
HOSTED-005,Hosted trading,HTTP,Submit hosted order,docs/api-reference/openapi-hosted-trading.json operationId=submitOrderHosted; sdks/typescript/pmxt/hosted-routing.ts,"As a hosted trader, I want to submit a signed built order so that the trade is placed after explicit wallet approval.",POST /v0/trade/submit-order accepts built_order_id and signature before expiry and returns the resulting Order.,tested_partial,2026-06-22,npm test --workspace=pmxtjs -- --runInBand tests/ws-client.test.ts tests/hosted-dispatch.test.ts tests/router-clusters.test.ts; python3 -m pytest sdks/python/tests/test_streaming_ws_transport.py sdks/python/tests/test_ws_client.py sdks/python/tests/test_hosted_dispatch.py sdks/python/tests/test_router_clusters.py; npm test --workspace=pmxtjs; python3 -m pytest sdks/python/tests,Focused TypeScript stream/hosted/router suites passed 24 tests and focused Python stream/hosted/router suites passed 45 tests; full TypeScript SDK suite passed 79 tests and full Python SDK suite passed 263 selected tests with 66 deselected. Hosted dispatch tests verify submitOrder routes to POST /v0/trade/submit-order with signer flow and raises locally when signer/signature requirements are missing.,,,pass,Mocked transport coverage; live authenticated hosted API coverage pending.
HOSTED-006,Hosted trading,HTTP,Create hosted order,docs/api-reference/openapi-hosted-trading.json operationId=createOrderHosted; sdks/typescript/pmxt/client.ts:2574,"As a hosted trader, I want one-shot order creation so that the SDK can build, sign, and submit a trade for me.","POST /v0/trade/create-order places a buy or sell order on supported hosted venues and returns id, status, fill data, fees, and tx hash when available.",tested_partial,2026-06-22,npm test --workspace=pmxtjs -- --runInBand tests/ws-client.test.ts tests/hosted-dispatch.test.ts tests/router-clusters.test.ts; python3 -m pytest sdks/python/tests/test_streaming_ws_transport.py sdks/python/tests/test_ws_client.py sdks/python/tests/test_hosted_dispatch.py sdks/python/tests/test_router_clusters.py; npm test --workspace=pmxtjs; python3 -m pytest sdks/python/tests,"Focused TypeScript stream/hosted/router suites passed 24 tests and focused Python stream/hosted/router suites passed 45 tests; full TypeScript SDK suite passed 79 tests and full Python SDK suite passed 263 selected tests with 66 deselected. Hosted dispatch tests verify createOrder performs build-sign-submit sequencing, routes build and submit calls, preserves optional ID behavior, and raises locally without signer.",,,pass,Mocked transport and local signer-error coverage; live authenticated hosted API coverage pending.
HOSTED-007,Hosted trading,HTTP,Build hosted cancel,docs/api-reference/openapi-hosted-trading.json operationId=cancelOrderHosted,"As a hosted trader, I want to start a cancel flow so that a wallet can sign the cancel payload before it is submitted.","POST /v0/orders/cancel/build returns cancel typed data for an existing open order; the SDK cancelOrder chains build, sign, and submit.",tested_pass,2026-06-23,npm test --workspace=pmxtjs -- --runInBand tests/hosted-dispatch.test.ts; python3 -m pytest sdks/python/tests/test_hosted_dispatch.py; live authenticated non-submitting POST /v0/orders/cancel/build smoke using PMXT_API_KEY + wallet address,"Mocked SDK dispatch coverage verifies cancelOrder routes through POST /v0/orders/cancel/build and POST /v0/orders/cancel with signer-backed flow. Live hosted cancel-build smoke read 1 open order, then POST /v0/orders/cancel/build returned 200 with cancel_id, deadline, and typed_data without signing or submitting the cancel.",,,pass,Live authenticated cancel-build coverage passed without signing or submitting a cancellation. Signed live cancel submission remains intentionally unattempted because it would affect an open order.
HOSTED-008,Hosted account,HTTP,Fetch hosted balance,docs/api-reference/openapi-hosted-trading.json operationId=fetchBalanceHosted; sdks/typescript/pmxt/client.ts:1412,"As a hosted trader, I want escrow balance so that I know available PMXT trading funds.",GET /v0/user/{address}/balances returns the wallet balance inside PMXT escrow rather than wallet on-chain USDC.,fixed_retest_pass,2026-06-23,npm test --workspace=pmxtjs -- --runInBand tests/hosted-dispatch.test.ts; python3 -m pytest sdks/python/tests/test_hosted_dispatch.py; npx tsc --project sdks/typescript/tsconfig.json --noEmit; npm test --workspace=pmxtjs,"Retest caught the TypeScript SDK hosted fetchBalance path returning [] for the v0 { balances: [...] } envelope. After fix, hosted-dispatch passes for the balance envelope and full TypeScript SDK suite passes. Prior live authenticated hosted balance read coverage remains valid.",TS-SDK-001; TS-SDK-V0-WRAPPER-001,af68e88; 723fdd4,pass,Hosted balance v0 envelope parsing fixed and retested in TypeScript SDK; Python parity suite still passes.
HOSTED-009,Hosted account,HTTP,Fetch hosted positions,docs/api-reference/openapi-hosted-trading.json operationId=fetchPositionsHosted; sdks/typescript/pmxt/client.ts:1378,"As a hosted trader, I want open positions across hosted venues so that I can see my exposure.","GET /v0/user/{address}/positions returns positions with market, outcome, share count, and average entry price; mark-to-market fields may be null.",fixed_retest_pass,2026-06-23,npm test --workspace=pmxtjs -- --runInBand tests/hosted-dispatch.test.ts; python3 -m pytest sdks/python/tests/test_hosted_dispatch.py; npx tsc --project sdks/typescript/tsconfig.json --noEmit; npm test --workspace=pmxtjs,"Retest confirmed TypeScript SDK hosted fetchPositions now accepts the v0 { positions: [...] } envelope while preserving direct-array compatibility; focused hosted dispatch, Python parity, TypeScript typecheck, and full TypeScript SDK suite passed. Prior live authenticated positions read coverage remains valid.",TS-SDK-V0-WRAPPER-001,723fdd4,pass,Hosted positions v0 envelope parsing fixed and retested in TypeScript SDK.
HOSTED-010,Hosted account,HTTP,Fetch hosted open orders,docs/api-reference/openapi-hosted-trading.json operationId=fetchOpenOrdersHosted; sdks/typescript/pmxt/client.ts:1254,"As a hosted trader, I want open hosted orders so that I can monitor resting orders.",GET /v0/orders/open lists wallet orders that have not filled or cancelled and supports venue filtering.,tested_pass,2026-06-22,npm test --workspace=pmxtjs -- --runInBand tests/ws-client.test.ts tests/hosted-dispatch.test.ts tests/router-clusters.test.ts; python3 -m pytest sdks/python/tests/test_streaming_ws_transport.py sdks/python/tests/test_ws_client.py sdks/python/tests/test_hosted_dispatch.py sdks/python/tests/test_router_clusters.py; npx tsx sdks/typescript/tests/e2e/hosted-driver.ts; (cd sdks/python && python3 -m tests.e2e.hosted_driver); npm test --workspace=pmxtjs; python3 -m pytest sdks/python/tests,"Hosted read dispatch tests verify fetchOpenOrders routes to GET /v0/orders/open with wallet address query, supports market filtering in Python, and raises MissingWalletAddress before network when no wallet is configured. Focused TypeScript stream/hosted/router suites passed 24 tests; focused Python stream/hosted/router suites passed 45 tests; TS hosted e2e driver passed 12/12 with 5 captured trade.pmxt.dev/v0 URLs; Python hosted e2e driver passed 15/15 with 5 captured trade.pmxt.dev/v0 URLs; full SDK suites passed 79 TypeScript tests and 263 selected Python tests. Read-only live authenticated hosted smoke returned 1 open order for the configured wallet.",,,pass,"Mocked transport, bogus-key URL-routing, and live authenticated hosted read coverage passed."
HOSTED-011,Hosted account,HTTP,Fetch hosted trades,docs/api-reference/openapi-hosted-trading.json operationId=fetchMyTradesHosted; sdks/typescript/pmxt/client.ts:1292,"As a hosted trader, I want fill history so that I can reconcile hosted order executions.","GET /v0/user/{address}/trades returns historical fills with executed price, size, and settlement tx hash where available.",tested_pass,2026-06-22,npm test --workspace=pmxtjs -- --runInBand tests/ws-client.test.ts tests/hosted-dispatch.test.ts tests/router-clusters.test.ts; python3 -m pytest sdks/python/tests/test_streaming_ws_transport.py sdks/python/tests/test_ws_client.py sdks/python/tests/test_hosted_dispatch.py sdks/python/tests/test_router_clusters.py; npx tsx sdks/typescript/tests/e2e/hosted-driver.ts; (cd sdks/python && python3 -m tests.e2e.hosted_driver); npm test --workspace=pmxtjs; python3 -m pytest sdks/python/tests,Hosted read dispatch tests verify fetchMyTrades routes to GET /v0/user/{address}/trades and raises MissingWalletAddress before network when no wallet is configured. Focused TypeScript stream/hosted/router suites passed 24 tests; focused Python stream/hosted/router suites passed 45 tests; TS hosted e2e driver passed 12/12 with 5 captured trade.pmxt.dev/v0 URLs; Python hosted e2e driver passed 15/15 with 5 captured trade.pmxt.dev/v0 URLs; full SDK suites passed 79 TypeScript tests and 263 selected Python tests. Read-only live authenticated hosted smoke returned 100 trades for the configured wallet.,,,pass,"Mocked transport, bogus-key URL-routing, and live authenticated hosted read coverage passed."
HOSTED-012,Hosted account,HTTP,Fetch hosted order,docs/api-reference/openapi-hosted-trading.json operationId=fetchOrderHosted; sdks/typescript/pmxt/client.ts:1222,"As a hosted trader, I want to look up one hosted order so that I can check current status and fill progress.","GET /v0/orders/{order_id} returns order status, filled and remaining size, average price, and tx hash when settled.",fixed_retest_pass,2026-06-23,npm test --workspace=pmxtjs -- --runInBand tests/hosted-dispatch.test.ts; python3 -m pytest sdks/python/tests/test_hosted_dispatch.py; npx tsc --project sdks/typescript/tsconfig.json --noEmit; npm test --workspace=pmxtjs,"Retest confirmed TypeScript SDK hosted fetchOrder now unwraps the v0 { order: {...} } envelope before mapping to Order; focused hosted dispatch, Python parity, TypeScript typecheck, and full TypeScript SDK suite passed. Prior live authenticated fetchOrder coverage remains valid.",TS-SDK-V0-WRAPPER-001,723fdd4,pass,Hosted fetchOrder v0 envelope parsing fixed and retested in TypeScript SDK.
SDK-001,SDK,TypeScript,TypeScript exchange client,sdks/typescript/pmxt/client.ts; sdks/typescript/package.json,"As a TypeScript developer, I want a typed PMXT client so that I can call local or hosted PMXT methods from Node applications.","The pmxtjs package exposes exchange classes with camelCase methods, converts response models, chooses hosted or local base URL, and dispatches hosted trading when PMXT API key and wallet configuration require it.",fixed_retest_pass,2026-06-23,npm test --workspace=pmxtjs -- --runInBand tests/hosted-dispatch.test.ts; python3 -m pytest sdks/python/tests/test_hosted_dispatch.py; npx tsc --project sdks/typescript/tsconfig.json --noEmit; npm test --workspace=pmxtjs,"Retest caught two TypeScript SDK regressions: hosted v0 read methods did not consistently unwrap {balances|positions|order} envelopes, and explicit local baseUrl clients still followed a sidecar lock on a different port. After fixes, focused hosted dispatch passed 18 tests, Python parity passed 26 tests, TypeScript typecheck passed, and full TypeScript SDK suite passed 52 tests.",TS-SDK-001; TS-SDK-002; TS-SDK-003; TS-SDK-V0-WRAPPER-001; TS-SDK-BASEURL-001,af68e88; d17bc0c; f738d74; 723fdd4; cf9758d,pass,"TypeScript SDK logistical failures fixed and fully retested, including hosted v0 wrapper parsing and explicit local baseUrl precedence over sidecar lock discovery."
SDK-002,SDK,Python,Python exchange client,sdks/python/pmxt/client.py; sdks/python/pyproject.toml,"As a Python developer, I want a Pythonic PMXT client so that I can call the same PMXT features with snake_case methods.","The pmxt package exposes exchange classes with snake_case methods, converts dataclasses, chooses hosted or local base URL, and dispatches hosted trading where supported.",tested_pass,2026-06-22,python3 -m pytest sdks/python/tests,"Python SDK test suite passed: 263 selected tests passed, 66 deselected.",,,pass,
SDK-003,SDK,TypeScript and Python,Local server manager,sdks/typescript/pmxt/server-manager.ts; sdks/python/pmxt/server_manager.py,"As an SDK user, I want to start, stop, restart, and check a local PMXT service so that self-hosted calls work without manual server management.","Server manager helpers locate or launch the bundled local service and expose status, start, stop, restart, and logs behavior.",fixed_retest_pass,2026-06-22,RED: npm test --workspace=pmxtjs -- --runInBand tests/server-manager.test.ts; python3 -m pytest sdks/python/tests/test_server_manager.py; GREEN: npm test --workspace=pmxtjs; python3 -m pytest sdks/python/tests; isolated TypeScript and Python server-manager lifecycle probes,"Regression tests caught lockless health/status probing the default port without a current HOME lock file. After fix, TypeScript and Python SDK suites passed, direct isolated HOME lifecycle probes passed start, status, health, logs, restart, and stop, and stopped status no longer attaches to an unrelated default-port sidecar.",SDK-SERVER-001,72aaf62,pass,"Python direct package import hit an unrelated local generated-model dependency mismatch, so the lifecycle probe loaded server_manager.py directly by file path."
SDK-004,SDK,TypeScript and Python,Hosted typed-data validation and signing,sdks/typescript/pmxt/hosted-typed-data.ts; sdks/python/pmxt/_hosted_typeddata.py,"As a hosted trader, I want typed data verified before and after signing so that malformed or tampered orders are rejected client side.","Hosted signing validates schema, economics, 65-byte signature shape, low-s canonical signatures, v value, and recovered signer.",tested_pass,2026-06-22,npm test --workspace=pmxtjs -- --runInBand tests/hosted-typed-data.test.ts; npm test --workspace=pmxtjs; python3 -m pytest sdks/python/tests/test_hosted_typeddata.py,"TypeScript direct guardrail tests passed for valid Polymarket buy schema/economics, wrong chain, foreign contract, reordered fields, extra or missing message keys, expired deadline, wallet mismatch, tampered max cost, invalid market worst price, valid signature verification, wrong length, high-s, and wrong recovered signer. Python hosted typed-data suite passed 34 tests for prod fixtures, schema guardrails, economics, signature recovery, high-s rejection, wrong length, wrong recovered address, v normalization, and 6-dec precision.",,,pass,
SDK-005,SDK,TypeScript and Python,Escrow helper,sdks/typescript/pmxt/escrow.ts; sdks/python/pmxt/escrow.py,"As a hosted trader, I want escrow helpers so that I can deposit, withdraw, and inspect escrow lifecycle from the SDK.",Escrow helper wraps hosted custody operations and uses configured wallet and signer data without hardcoded secrets.,fixed_retest_pass,2026-06-22,RED: npm test --workspace=pmxtjs -- --runInBand tests/escrow.test.ts; GREEN: npm test --workspace=pmxtjs -- --runInBand tests/escrow.test.ts; python3 -m pytest sdks/python/tests/test_escrow.py; npm test --workspace=pmxtjs; python3 -m pytest sdks/python/tests,"TypeScript escrow initially omitted user_address, sent null optional fields, and skipped local token/amount/action validation. Fixed helper now mirrors Python contract; TS and Python escrow dispatch/validation tests pass.",SDK-ESCROW-001,8d8f06b,pass,Logistical SDK parity/validation error in TypeScript escrow helper.
CLI-001,CLI,Command line,Root help and aliases,sdks/cli/bin/pmxt.js; sdks/cli/cli/argv-aliases.js; sdks/cli/cli/help.js,"As a CLI user, I want clear root help and aliases so that I can discover PMXT commands quickly.",pmxt with no command or help flags renders root help; alias normalization maps curated short names to generated operation commands.,tested_pass,2026-06-22,npm test --workspace=@pmxt/cli,"CLI validation, argv alias normalizer, root help, color, runtime error, feed, enterprise, and production copy verifiers all passed after fixing feed verifier isolation.",,,pass,
CLI-002,CLI,Command line,Auth management,sdks/cli/commands/auth/*.js; sdks/cli/cli/auth-store.js,"As a CLI user, I want to save and inspect PMXT and venue credentials so that repeated commands can authenticate without flags.","auth login, logout, status, set-exchange, status-exchange, and remove-exchange manage local credential storage and avoid printing secrets.",tested_pass,2026-06-22,npm test --workspace=@pmxt/cli,"Full CLI suite passed. verify-auth-cli covered login, status, logout, set-exchange, status-exchange, remove-exchange, secret redaction, and auth store mode 0600 in an isolated temp store.",,,pass,
CLI-003,CLI,Command line,Exchange data commands,sdks/cli/commands/markets.js; sdks/cli/commands/events.js; sdks/cli/commands/market.js; sdks/cli/commands/event.js,"As a CLI user, I want exchange-first data commands so that I can fetch markets, events, order books, trades, balances, and positions from a terminal.","CLI data commands resolve exchange, hosted or local mode, parameters, output format, and call the matching PMXT operation.",tested_pass,2026-06-22,node sdks/cli/scripts/verify-venue-order-cli.js; npm test --workspace=@pmxt/cli,"verify-venue-order-cli covered markets, market, events, event, paginated market/event fetches, orderbook(s), trades, balance, positions, OHLCV, execution-price commands, credentials serialization, and HTTP method/args. Full CLI suite also covered exchange-first argv normalization and runtime local/hosted/custom mode selection.",,,pass,
CLI-004,CLI,Command line,Order commands,sdks/cli/commands/order/*.js; sdks/cli/commands/orders/*.js,"As a CLI trader, I want order commands so that I can build, create, submit, cancel, and inspect orders from a terminal.","order and orders commands call buildOrder, createOrder, submitOrder, cancelOrder, fetchOrder, fetchOpenOrders, fetchClosedOrders, fetchAllOrders, and fetchMyTrades as appropriate.",tested_pass,2026-06-22,node sdks/cli/scripts/verify-venue-order-cli.js; npm test --workspace=@pmxt/cli,"verify-venue-order-cli covered createOrder, buildOrder, submitOrder, cancelOrder, fetchOrder, fetchOpenOrders, fetchClosedOrders, fetchAllOrders, fetchMyTrades, and local validation for missing limit-order price before network I/O. Full CLI suite passed.",,,pass,
CLI-005,CLI,Command line,Local server commands,sdks/cli/commands/server/*.js; sdks/cli/cli/server-manager.js,"As a CLI user, I want to manage the local PMXT server so that local mode is operational from the terminal.","server start, stop, restart, status, health, and logs manage or inspect a local PMXT service.",fixed_retest_pass,2026-06-22,RED: node sdks/cli/scripts/verify-server-cli.js; GREEN: npm test --workspace=@pmxt/cli; isolated CLI lifecycle commands with HOME=/private/tmp/pmxt-cli-server-lifecycle-codex,"Manual isolated CLI lifecycle passed server start, status, health, logs, restart, and stop outside the sandbox. Regression test covers command dispatch and verifies status/health do not probe the default port when the current HOME has no lock. Post-fix stopped status reports stopped instead of attaching to an unrelated sidecar.",SDK-SERVER-001,72aaf62,pass,Initial sandboxed server start failed with EPERM on loopback bind; approved outside-sandbox isolated temp-HOME retest passed.
CLI-006,CLI,Command line,Watch commands,sdks/cli/commands/watch/*.js; sdks/cli/cli/streaming.js,"As a CLI user, I want streaming commands so that I can watch order books and trades as JSONL.","watch commands subscribe over WebSocket, print data events, and handle errors and interrupts cleanly.",tested_pass,2026-06-22,node sdks/cli/scripts/verify-watch-cli.js; npm test --workspace=@pmxt/cli,"verify-watch-cli covered watchOrderBook, watchOrderBooks, watchAllOrderBooks, and watchTrades subscribe payloads against a local WebSocket server, JSONL data output with --max-messages shutdown, stream error rejection, and SIGINT listener cleanup. Full CLI suite passed.",,,pass,
CLI-007,CLI,Command line,Feed commands,sdks/cli/commands/feed/*.js; sdks/cli/scripts/verify-feed-cli.js,"As a CLI user, I want feed commands so that I can fetch Binance and Chainlink feed data from the terminal.","feed commands map to feed operations for loadMarkets, ticker, tickers, OHLCV, order book, oracle round, oracle history, historical prices, and watch ticker.",fixed_retest_pass,2026-06-22,RED: npm test --workspace=@pmxt/cli; GREEN: node scripts/verify-feed-cli.js and npm test --workspace=@pmxt/cli,"Initial CLI suite failed because verify-feed-cli expected --hosted without auth to reject, but the verifier used the real ~/.pmxt auth store. Fixed the verifier to isolate HOME and PMXT_AUTH_STORE_PATH in a temp empty store; full CLI suite now passes.",CLI-FEED-001,765ca03,pass,"Logistical test isolation error, not runtime behavior."
CLI-008,CLI,Command line,Enterprise commands,sdks/cli/commands/enterprise/*.js; sdks/cli/scripts/verify-enterprise-cli.js,"As an enterprise CLI user, I want matched-market and SQL commands so that I can query hosted PMXT data from the terminal.","enterprise commands expose matched markets, matched prices, and read-only SQL with hosted authentication.",tested_pass,2026-06-22,npm test --workspace=@pmxt/cli,"Enterprise CLI verifier passed hosted flag, custom base URL, env auth, auth-store, query mapping, and deprecated command absence checks.",,,pass,
TOOL-001,Migration tool,CLI,Dome to PMXT codemod,tools/dome-to-pmxt/index.js; docs/MIGRATE_FROM_DOMEAPI.md,"As a Dome API user, I want an automated migration helper so that common imports, constructors, methods, parameters, and statuses convert to PMXT equivalents.","dome-to-pmxt walks TS, JS, and Python files, applies ordered regex transforms, supports --dry-run, skips build and dependency directories, and reports TODOs for manual follow-up.",fixed_retest_pass,2026-06-22,node --test tools/dome-to-pmxt/index.test.js; node tools/dome-to-pmxt/index.js /private/tmp/pmxt-dome-jsx-fixture-fixed-codex --dry-run; node tools/dome-to-pmxt/index.js /private/tmp/pmxt-dome-jsx-fixture-fixed-codex,"Regression test passed for JS, JSX, Python, skipped node_modules, and constructor aliases matching poly method rewrites. Manual fixture retest verified dry-run reports without rewriting; real run transforms JS/JSX imports, constructors, method names, pagination/time/status parameters, preserves property access firstPage.pagination.pagination_key, emits TODOs for semantic follow-up, and skips node_modules.",TOOL-CODEMOD-001,cccdff5,pass,Fixed codemod constructor alias mismatch that produced undefined poly references.
VENUE-001,Venue adapter,Exchange,Polymarket,core/src/server/exchange-factory.ts; core/src/exchanges/polymarket/index.ts; core/COMPLIANCE.md,"As a PMXT user, I want Polymarket support so that I can read and trade Polymarket through the unified API.",createExchange('polymarket') returns PolymarketExchange with credentials from args or environment and supports the compliance-grid features for Polymarket.,tested_partial,2026-06-22,npm test --workspace=pmxt-core -- --runInBand test/server/exchange-factory.test.ts; npx tsc --project core/tsconfig.json --noEmit; npm test --workspace=pmxt-core -- --runInBand; credential-free live Polymarket smoke via node_modules/.bin/tsx; read-only authenticated account smoke via core exchange factory fetchBalance/fetchPositions/fetchOpenOrders,"Factory test verified createExchange('polymarket') constructs PolymarketExchange, maps local env credentials, and full core suite plus TypeScript passed. Earlier ad-hoc live smoke showed fetchMarkets({ limit: 1 }) failed with a Gamma 422 when the base class stripped simple limits before venue fetches. After 092f099, BaseExchange forwards pure market/event limits to venue implementations; credential-free Polymarket live smoke returned one market and one event in 552ms with 2 total requests.",VENUE-POLYMARKET-001,092f099,pass,"Local env credential propagation covered. Public Polymarket market/event reads are live-smoked without credentials. Read-only authenticated account smoke passed: balance returned 1 row, positions returned 0 rows, and open orders returned 0 rows; authenticated trading and compliance behavior remain pending."
VENUE-002,Venue adapter,Exchange,Kalshi,core/src/server/exchange-factory.ts; core/src/exchanges/kalshi/index.ts; core/COMPLIANCE.md,"As a PMXT user, I want Kalshi support so that I can read and trade Kalshi through the unified API.",createExchange('kalshi') returns KalshiExchange with API key and RSA private key credentials and supports the compliance-grid features for Kalshi.,tested_partial,2026-06-22,RED: npm test --workspace=pmxt-core -- --runInBand test/pipeline/kalshi-pagination.test.ts; GREEN: npm test --workspace=pmxt-core -- --runInBand test/pipeline/kalshi-pagination.test.ts; npm test --workspace=pmxt-core -- --runInBand test/server/exchange-factory.test.ts; npx tsc --project core/tsconfig.json --noEmit; npm test --workspace=pmxt-core -- --runInBand; credential-free live Kalshi smoke via node_modules/.bin/tsx; read-only authenticated account smoke via core exchange factory fetchBalance/fetchPositions/fetchOpenOrders,"Factory test verified createExchange('kalshi') constructs KalshiExchange, maps local env credentials, and full core suite plus TypeScript passed. Cross-venue live smoke then showed fetchMarkets({ limit: 1 }) passed but fetchEvents({ limit: 1 }) timed out at 30s because the default active event path crawled all open cursor pages. After ccd742b, fetchRawEvents({ limit }) uses the bounded page helper for active/default event reads. Full core suite passed (806 passed, 3 skipped). Credential-free Kalshi live smoke returned one market and one event in 8949ms.",VENUE-KALSHI-001,ccd742b,pass,"Local env credential propagation covered. Public Kalshi market/event reads are now bounded and live-smoked without credentials. Read-only authenticated account smoke passed: balance returned 1 row, positions returned 0 rows, and open orders returned 0 rows; authenticated trading and compliance behavior remain pending."
VENUE-003,Venue adapter,Exchange,Kalshi demo,core/src/server/exchange-factory.ts; core/src/exchanges/kalshi-demo/index.ts,"As a PMXT user, I want Kalshi demo support so that I can test Kalshi flows against demo infrastructure.",createExchange('kalshi-demo') returns KalshiDemoExchange using Kalshi credential fields and demo-specific configuration.,tested_partial,2026-06-22,RED: npm test --workspace=pmxt-core -- --runInBand test/server/exchange-factory.test.ts; RED: npm test --workspace=pmxt-core -- --runInBand test/pipeline/kalshi-pagination.test.ts; GREEN: npm test --workspace=pmxt-core -- --runInBand test/server/exchange-factory.test.ts; npm test --workspace=pmxt-core -- --runInBand test/pipeline/kalshi-pagination.test.ts; npx tsc --project core/tsconfig.json --noEmit; npm test --workspace=pmxt-core -- --runInBand; credential-free live Kalshi demo smoke via node_modules/.bin/tsx; read-only authenticated account smoke via core exchange factory fetchBalance/fetchPositions/fetchOpenOrders,"Factory test verified createExchange('kalshi-demo') constructs KalshiDemoExchange, then caught that demo-specific env credentials were ignored in favor of production KALSHI_* values. After 0551cf9, kalshi-demo prefers KALSHI_DEMO_API_KEY and KALSHI_DEMO_PRIVATE_KEY with legacy KALSHI_* fallback. Cross-venue live smoke then showed demo fetchMarkets({ limit: 1 }) passed but fetchEvents({ limit: 1 }) timed out at 30s through the shared Kalshi event fetcher. After ccd742b, shared Kalshi active/default event reads honor simple limits through the bounded page helper. Full core suite passed (806 passed, 3 skipped). Credential-free Kalshi demo live smoke returned one market and one event in 11396ms.",VENUE-KALSHI-DEMO-001; VENUE-KALSHI-DEMO-002,0551cf9; ccd742b,pass,Local demo credential propagation fixed. Public Kalshi demo market/event reads are now bounded and live-smoked without credentials. Read-only demo account smoke using fallback Kalshi credentials returned 401 authentication_error; demo-specific authenticated/trading behavior remains pending.
VENUE-004,Venue adapter,Exchange,Limitless,core/src/server/exchange-factory.ts; core/src/exchanges/limitless/index.ts; core/COMPLIANCE.md,"As a PMXT user, I want Limitless support so that I can read and trade Limitless markets through the unified API.",createExchange('limitless') returns LimitlessExchange with private key and API credential support and compliance-grid features for Limitless.,tested_partial,2026-06-22,RED: npm test --workspace=pmxt-core -- --runInBand test/server/exchange-factory.test.ts; GREEN: npm test --workspace=pmxt-core -- --runInBand test/server/exchange-factory.test.ts; npx tsc --project core/tsconfig.json --noEmit; npm test --workspace=pmxt-core -- --runInBand; credential-free live Limitless smoke via node_modules/.bin/tsx; read-only authenticated account smoke via core exchange factory fetchBalance/fetchPositions/fetchOpenOrders,"Factory test verified createExchange('limitless') constructs LimitlessExchange, then caught that LIMITLESS_BASE_URL was ignored for unauthenticated read-path fetches. After the fix, Limitless resolves auth host, explicit baseUrl, LIMITLESS_BASE_URL, then the default before constructing the fetcher. Additional factory coverage verifies local env private key, API key, API secret, and passphrase mapping; full core suite passed. Credential-free live public smoke returned one market (btc-up-or-down-5-min-1782159911473) and one event (world-cup-france-vs-iraq-jun-22-2026-1775500701455) in 770ms.",VENUE-LIMITLESS-001,9baa865,pass,Local read-path base URL and credential env propagation covered. Public Limitless market/event reads are live-smoked without credentials. Read-only authenticated account smoke returned 1 balance row; positions returned User not found and open orders require marketId/slug context. Live authenticated trading/compliance behavior remains pending.
VENUE-005,Venue adapter,Exchange,Probable,core/src/server/exchange-factory.ts; core/src/exchanges/probable/index.ts; core/COMPLIANCE.md,"As a PMXT user, I want Probable support so that I can access Probable markets through the unified API.","createExchange('probable') returns ProbableExchange with API key, secret, passphrase, and private key credential support.",tested_partial,2026-06-22,RED: npm test --workspace=pmxt-core -- --runInBand test/server/exchange-factory.test.ts; GREEN: npm test --workspace=pmxt-core -- --runInBand test/server/exchange-factory.test.ts; npx tsc --project core/tsconfig.json --noEmit; npm test --workspace=pmxt-core -- --runInBand; credential-free live Probable smoke via node_modules/.bin/tsx,"Factory test verified createExchange('probable') constructs ProbableExchange, then caught that PROBABLE_BASE_URL was ignored for adapter fetches. After the fix, Probable resolves explicit baseUrl, PROBABLE_BASE_URL, then the default before registering API descriptors and constructing the fetcher. Additional factory coverage verifies local env API key, secret, passphrase, and private key mapping; full core suite passed. Credential-free live public smoke returned one market (1645) and one event (180) in 2715ms.",VENUE-PROBABLE-001,cebae29,pass,Local base URL and credential env propagation covered. Public Probable market/event reads are live-smoked without credentials; live authenticated trading/compliance behavior remains pending.
VENUE-006,Venue adapter,Exchange,Baozi,core/src/server/exchange-factory.ts; core/src/exchanges/baozi/index.ts; core/COMPLIANCE.md,"As a PMXT user, I want Baozi support so that I can access Baozi markets through the unified API.",createExchange('baozi') returns BaoziExchange with private key support and documented emulated or unsupported methods.,tested_partial,2026-06-22,npm test --workspace=pmxt-core -- --runInBand test/server/exchange-factory.test.ts; npx tsc --project core/tsconfig.json --noEmit; npm test --workspace=pmxt-core -- --runInBand; credential-free live Baozi smoke via node_modules/.bin/tsx,"Factory test verified createExchange('baozi') constructs BaoziExchange, maps local env credentials, and full core suite plus TypeScript passed. Credential-free live public smoke returned one market and one event for 9RX4qTzJUtg4cd1DacPKnAwosexpyTzpFoWUiZCxtVkY in 270ms.",,,pass,Local env credential propagation covered. Public Baozi market/event reads are live-smoked without credentials; live/compliance behavior remains pending.
VENUE-007,Venue adapter,Exchange,Myriad,core/src/server/exchange-factory.ts; core/src/exchanges/myriad/index.ts; core/COMPLIANCE.md,"As a PMXT user, I want Myriad support so that I can access Myriad markets through the unified API.",createExchange('myriad') returns MyriadExchange with API key and wallet-address credential support.,tested_partial,2026-06-22,RED: npm test --workspace=pmxt-core -- --runInBand test/server/exchange-factory.test.ts; GREEN: npm test --workspace=pmxt-core -- --runInBand test/server/exchange-factory.test.ts; npx tsc --project core/tsconfig.json --noEmit; npm test --workspace=pmxt-core -- --runInBand; credential-free live Myriad smoke via node_modules/.bin/tsx; read-only authenticated account smoke via core exchange factory fetchBalance/fetchPositions/fetchOpenOrders,"Factory test verified createExchange('myriad') constructs MyriadExchange, then caught that MYRIAD_BASE_URL was ignored for adapter fetches. After the fix, Myriad resolves explicit baseUrl, MYRIAD_BASE_URL, then the default before registering API descriptors and constructing the fetcher. Additional factory coverage verifies local env API key and wallet-address mapping; full core suite passed. Credential-free live public smoke returned one market (2741:490) and one event (213) in 670ms.",VENUE-MYRIAD-001,2fab858,pass,Local base URL and credential env propagation covered. Public Myriad market/event reads are live-smoked without credentials. Read-only authenticated smoke returned 0 open orders; balance and positions require a wallet address env not present in this session. Live authenticated venue behavior remains pending.
VENUE-008,Venue adapter,Exchange,Opinion,core/src/server/exchange-factory.ts; core/src/exchanges/opinion/index.ts; core/COMPLIANCE.md,"As a PMXT user, I want Opinion support so that I can access Opinion markets and hosted trading routes through PMXT.","createExchange('opinion') returns OpinionExchange with API key, private key, and funder address credential support.",tested_partial,2026-06-22,RED: npm test --workspace=pmxt-core -- --runInBand test/server/exchange-factory.test.ts; GREEN: npm test --workspace=pmxt-core -- --runInBand test/server/exchange-factory.test.ts; RED: RUN_OPINION_READONLY_E2E=1 npm test --workspace=pmxt-core -- --runInBand test/e2e/opinion-readonly-live.e2e.test.ts; GREEN: same live command without OPINION_API_KEY skips cleanly; npx tsc --project core/tsconfig.json --noEmit; npm test --workspace=pmxt-core -- --runInBand; read-only authenticated account smoke via core exchange factory fetchBalance/fetchPositions/fetchOpenOrders,"Factory test verified createExchange('opinion') constructs OpinionExchange, then caught that documented OPINION_BASE_URL was ignored for adapter fetches. After the first fix, Opinion resolves explicit baseUrl, OPINION_BASE_URL, then the existing default/legacy OPINION_API_URL path. Follow-up factory coverage caught that OPINION_FUNDER_ADDRESS was ignored even though trading requires funderAddress; after the second fix, Opinion maps explicit funderAddress, OPINION_FUNDER_ADDRESS, then OPINION_PROXY_ADDRESS. Live read-only E2E reached Opinion and failed with HTTP 401 when run keylessly; after the guard fix, it skips unless OPINION_API_KEY is present. Full core suite passed.",VENUE-OPINION-001; VENUE-OPINION-002; VENUE-OPINION-003,fa1deec; 1752e45; 9047f2b,pass,Local base URL and funder credential env propagation fixed. Read-only authenticated smoke returned 0 open orders; fetchBalance is not implemented and positions require a wallet/funder address env not present in this session. Live authenticated venue behavior remains pending.
VENUE-009,Venue adapter,Exchange,Metaculus,core/src/server/exchange-factory.ts; core/src/exchanges/metaculus/index.ts; core/COMPLIANCE.md,"As a PMXT user, I want Metaculus support so that forecasts can be represented through the unified API.","createExchange('metaculus') returns MetaculusExchange with apiToken support, fetchMarkets and fetchEvents, and forecast create or withdraw behavior mapped to createOrder and cancelOrder.",tested_partial,2026-06-22,RED: npm test --workspace=pmxt-core -- --runInBand test/server/exchange-factory.test.ts; GREEN: npm test --workspace=pmxt-core -- --runInBand test/server/exchange-factory.test.ts; npx tsc --project core/tsconfig.json --noEmit; npm test --workspace=pmxt-core -- --runInBand; keyless live Metaculus smoke via node_modules/.bin/tsx,"Factory test verified createExchange('metaculus') constructs MetaculusExchange, then caught that METACULUS_BASE_URL was ignored for adapter API configuration. After the fix, Metaculus resolves explicit baseUrl, METACULUS_BASE_URL, then the default before registering API descriptors. Additional factory coverage verifies local env API token mapping; full core suite passed. Keyless live smoke failed fast with AuthenticationError: Metaculus API token required, so authenticated live behavior remains unverified.",VENUE-METACULUS-001,c9d3f88,pass,Local base URL and credential env propagation covered. Keyless live behavior correctly requires an API token; authenticated Metaculus venue behavior remains pending.
VENUE-010,Venue adapter,Exchange,Smarkets,core/src/server/exchange-factory.ts; core/src/exchanges/smarkets/index.ts,"As a PMXT user, I want Smarkets support so that I can access Smarkets markets through the unified API.",createExchange('smarkets') returns SmarketsExchange with email and password credential mapping and Smarkets read and trading methods where implemented.,tested_partial,2026-06-22,RED: npm test --workspace=pmxt-core -- --runInBand test/server/exchange-factory.test.ts; RED: npm test --workspace=pmxt-core -- --runInBand test/exchanges/smarkets-fetcher.test.ts; GREEN: npm test --workspace=pmxt-core -- --runInBand test/server/exchange-factory.test.ts; npm test --workspace=pmxt-core -- --runInBand test/exchanges/smarkets-fetcher.test.ts; npm test --workspace=pmxt-core -- --runInBand test/unit/baseExchange.core.test.ts; npx tsc --project core/tsconfig.json --noEmit; npm test --workspace=pmxt-core -- --runInBand; credential-free live Smarkets smoke via node_modules/.bin/tsx,"Factory test verified createExchange('smarkets') constructs SmarketsExchange, then caught that SMARKETS_BASE_URL was ignored for adapter API configuration. After 8912ff4, Smarkets config resolves explicit baseUrl, SMARKETS_BASE_URL, then the default. New fetcher tests caught unauthenticated public reads calling auth-only volume enrichment and Smarkets event fetches ignoring simple limits. After 092f099, unauthenticated volume calls are skipped, direct market lookup uses the guarded volume helper, BaseExchange forwards pure market/event limits to venue implementations, and Smarkets event pagination honors the requested limit. Full core suite passed (805 passed, 3 skipped). Credential-free live smoke returned one market and one event in 525ms with 6 total requests, improving from the prior 20s timeout/noisy volume path and a 251-request event path.",VENUE-SMARKETS-001; VENUE-SMARKETS-002,8912ff4; 092f099,pass,"Local base URL and credential env propagation covered. Public Smarkets market/event reads are now bounded and live-smoked without credentials; authenticated trading, account, and compliance behavior remain pending."
VENUE-011,Venue adapter,Exchange,Polymarket US,core/src/server/exchange-factory.ts; core/src/exchanges/polymarket_us/index.ts,"As a PMXT user, I want Polymarket US support so that US venue markets can be read through the unified API.",createExchange('polymarket_us') returns PolymarketUSExchange with key id and secret key credential mapping.,tested_partial,2026-06-22,RED: npm test --workspace=pmxt-core -- --runInBand test/server/exchange-factory.test.ts; GREEN: npm test --workspace=pmxt-core -- --runInBand test/server/exchange-factory.test.ts; npx tsx core/scripts/smoke-polymarket-us.ts; npx tsc --project core/tsconfig.json --noEmit; npm test --workspace=pmxt-core -- --runInBand,"Factory test verified createExchange('polymarket_us') constructs PolymarketUSExchange, then caught that POLYMARKET_US_BASE_URL and POLYMARKET_US_GATEWAY_URL were captured at module load and ignored when changed before factory construction. After the fix, Polymarket US resolves explicit baseUrl and runtime env values before existing defaults. Additional factory coverage verifies local env key id and secret key mapping. Live public smoke passed 15 checks for fetchMarkets, fetchEvents, fetchOrderBook, suffix handling, and unauthenticated auth gates; full core suite passed.",VENUE-POLYMARKET-US-001,d19ef19,pass,Local config/credential coverage and live public read smoke passed; live authenticated venue behavior pending.
VENUE-012,Venue adapter,Exchange,Hyperliquid,core/src/server/exchange-factory.ts; core/src/exchanges/hyperliquid/index.ts,"As a PMXT user, I want Hyperliquid prediction market support so that I can read and trade supported Hyperliquid markets through the unified API.",createExchange('hyperliquid') returns HyperliquidExchange with wallet address and private key credential mapping.,tested_partial,2026-06-22,npm test --workspace=pmxt-core -- --runInBand test/server/exchange-factory.test.ts; npx tsc --project core/tsconfig.json --noEmit; npm test --workspace=pmxt-core -- --runInBand; credential-free live Hyperliquid smoke via node_modules/.bin/tsx; read-only authenticated account smoke via core exchange factory fetchBalance/fetchPositions/fetchOpenOrders,"Factory test verified createExchange('hyperliquid') constructs HyperliquidExchange, maps local env credentials, and full core suite plus TypeScript passed. Existing normalizer/auth/order tests also ran in the full core suite. Credential-free live public smoke returned one market (hl-outcome-171) and one event (32) in 3430ms.",,,pass,"Local env credential propagation covered. Public Hyperliquid market/event reads are live-smoked without credentials. Read-only authenticated account smoke passed: balance returned 1 row, positions returned 0 rows, and open orders returned 0 rows; live authenticated trading behavior remains pending."
VENUE-013,Venue adapter,Exchange,Gemini Titan,core/src/server/exchange-factory.ts; core/src/exchanges/gemini-titan/index.ts,"As a PMXT user, I want Gemini Titan support so that Gemini prediction markets can be read through PMXT.",createExchange('gemini-titan') returns GeminiTitanExchange with Gemini API key and secret credential mapping.,tested_partial,2026-06-22,npm test --workspace=pmxt-core -- --runInBand test/server/exchange-factory.test.ts; npx tsc --project core/tsconfig.json --noEmit; npm test --workspace=pmxt-core -- --runInBand; credential-free live Gemini Titan smoke via node_modules/.bin/tsx,"Factory test verified createExchange('gemini-titan') constructs GeminiTitanExchange, maps local env credentials, and full core suite plus TypeScript passed. Existing Gemini normalizer/fetcher/websocket tests also ran in the full core suite. Credential-free live public smoke returned one market (gemi-GEMI-BTC2606222100-HI63500) and one event (BTC2606222100) in 863ms.",,,pass,Local env credential propagation covered. Public Gemini Titan market/event reads are live-smoked without credentials; live authenticated behavior remains pending.
VENUE-014,Venue adapter,Exchange,SuiBets,core/src/server/exchange-factory.ts; core/src/exchanges/suibets/index.ts,"As a PMXT user, I want SuiBets support so that Sui prediction markets can be read through the unified API.",createExchange('suibets') returns SuiBetsExchange with wallet address and baseUrl credential mapping.,tested_partial,2026-06-22,npm test --workspace=pmxt-core -- --runInBand test/server/exchange-factory.test.ts; npx tsc --project core/tsconfig.json --noEmit; npm test --workspace=pmxt-core -- --runInBand; credential-free live SuiBets smoke via node_modules/.bin/tsx,"Factory test verified createExchange('suibets') constructs SuiBetsExchange, maps local env credentials, and full core suite plus TypeScript passed. Existing SuiBets normalizer tests also ran in the full core suite. Credential-free live public smoke reached the venue and returned zero markets and zero events in 362ms without throwing.",,,pass,Local env credential propagation covered. Public SuiBets endpoint is reachable but returned no current markets/events in live smoke; live behavior with active offers and wallet-connected flows remains pending.
VENUE-015,Venue adapter,Exchange,Rain,core/src/server/exchange-factory.ts; core/src/exchanges/rain/index.ts,"As a PMXT user, I want Rain support so that Rain markets can be read and traded through the unified API.","createExchange('rain') returns RainExchange with private key, wallet, subgraph, RPC, and environment configuration.",tested_partial,2026-06-22,npm test --workspace=pmxt-core -- --runInBand test/server/exchange-factory.test.ts; npx tsc --project core/tsconfig.json --noEmit; npm test --workspace=pmxt-core -- --runInBand; credential-free live Rain smoke via node_modules/.bin/tsx,"Factory test verified createExchange('rain') constructs RainExchange, maps local env credentials, and full core suite plus TypeScript passed. Credential-free live public smoke returned one market and one event for rain:691e2ab9875e01ffa0161f3b in 3490ms.",,,pass,Local env credential propagation covered. Public Rain market/event reads are live-smoked without credentials; live trading behavior remains pending.
VENUE-016,Venue adapter,Exchange,Hunch,core/src/server/exchange-factory.ts; core/src/exchanges/hunch/index.ts; core/COMPLIANCE.md,"As a PMXT user, I want Hunch support so that parimutuel Hunch markets can be represented through the unified API.","createExchange('hunch') returns HunchExchange, supports keyless reads, x402 market-order createOrder, and documented unsupported cancel or order-fetch behavior.",tested_partial,2026-06-22,npm test --workspace=pmxt-core -- --runInBand test/server/exchange-factory.test.ts; npx tsc --project core/tsconfig.json --noEmit; npm test --workspace=pmxt-core -- --runInBand; credential-free live Hunch smoke via node_modules/.bin/tsx,"Factory test verified createExchange('hunch') constructs HunchExchange, maps local env credentials/base URL, and full core suite plus TypeScript passed. Existing Hunch normalizer tests also ran in the full core suite. Credential-free live public smoke returned one market and one event for bankr-100m-mcap-2026-06-30 in 752ms.",,,pass,Local env credential propagation covered. Public Hunch market/event reads are live-smoked without credentials; x402 trading and live order behavior remain pending.
VENUE-017,Venue adapter,Exchange,Mock,core/src/server/exchange-factory.ts; core/src/exchanges/mock/index.ts,"As a PMXT developer, I want a mock exchange so that local tests can exercise PMXT behavior without external venue dependencies.",createExchange('mock') returns MockExchange with deterministic fixtures for local and test use.,tested_pass,2026-06-22,npm test --workspace=pmxt-core -- --runInBand test/server/exchange-factory.test.ts test/unit/mockExchange.core.test.ts; npm test --workspace=pmxt-core -- --runInBand,Factory test verified createExchange('mock') constructs MockExchange; existing MockExchange unit tests and full core suite passed.,,,pass,
FEED-001,Feed provider,Data feed,Binance feed,core/src/server/feed-factory.ts; core/src/feeds/binance/binance-feed.ts,"As a data-feed user, I want Binance feed support so that crypto reference prices are available through PMXT feed methods.",getFeed('binance') returns a singleton BinanceFeed using OBDATA_API_KEY when present and supports feed methods implemented by BinanceFeed.,tested_pass,2026-06-22,npm test --workspace=pmxt-core -- --runInBand test/unit/dataFeeds.success.test.ts; npm test --workspace=pmxt-core -- --runInBand,"Binance provider success test used a local WebSocket relay, verified subscribe_all, consumed a BTCUSDT trade event through fetchTicker, and normalized it to BTC/USDT with price and timestamp. Existing feed tests cover factory-backed loadMarkets/provider listing, missing relay errors, and unsupported OHLCV/order book capability errors.",,,pass,Local in-process relay coverage; external obdata relay not required for code-level pass.
FEED-002,Feed provider,Data feed,Chainlink feed,core/src/server/feed-factory.ts; core/src/feeds/chainlink/chainlink-feed.ts,"As an oracle-data user, I want Chainlink feed support so that oracle rounds and historical oracle prices are available through PMXT feed methods.","getFeed('chainlink') returns a singleton ChainlinkFeed using OBDATA_API_KEY when present and supports oracle round, oracle history, and historical price methods.",tested_pass,2026-06-22,npm test --workspace=pmxt-core -- --runInBand test/unit/dataFeeds.success.test.ts; npm test --workspace=pmxt-core -- --runInBand,"Chainlink provider success tests used local REST and WebSocket servers, verified latest prices, filtered tickers, oracle round/history/historical price request mapping and normalization, subscribe_all, and live ticker normalization. Existing feed tests cover factory-backed loadMarkets, missing REST URL errors, and unsupported order book capability errors.",,,pass,Local in-process REST/WebSocket coverage; external Chainlink API not required for code-level pass.
